critic_id,name,primary_publication,total_reviews,up_count,meh_count,down_count,first_review,last_review
2363,Ben Brantley,NEW YORK TIMES,996,541,306,149,1996-11-15,2020-03-05
2434,Charles Isherwood,NEW YORK TIMES,694,322,240,132,2004-11-16,2017-01-29
8,Adam Feldman,TIME OUT NEW YORK,263,153,77,33,2010-03-04,2026-04-29
249,David Rooney,HOLLYWOOD REPORTER,235,145,58,32,2010-11-22,2026-04-15
4,Greg Evans,DEADLINE,214,138,60,16,2018-03-22,2026-04-26
11,Matt Windman,AM NEW YORK,200,94,54,52,2011-02-28,2026-04-26
793,Jesse Green,NEW YORK TIMES,194,89,61,44,2017-05-10,2025-06-12
2230,Marilyn Stasio,VARIETY,181,98,59,24,2008-02-25,2022-11-21
2382,Joe Dziemianowicz,New York Daily News,159,78,54,27,2008-11-14,2018-04-11
9,Robert Hofler,THE WRAP,137,50,39,48,2014-03-24,2026-04-26
117,Zachary Stewart,THEATERMANIA,137,84,37,16,2013-11-07,2026-04-23
3022,Elisabeth Vincentelli,NEW YORK POST,135,51,52,32,2009-04-16,2015-11-06
52,Chris Jones,New York Daily News,126,85,27,14,2019-04-21,2026-04-26
687,Alexis Soloski,NEW YORK TIMES,126,31,72,23,2014-03-25,2025-11-13
10,Johnny Oleksinski,NEW YORK POST,120,49,36,35,2019-10-17,2026-04-26
115,Laura Collins-Hughes,NEW YORK TIMES,120,48,55,17,2013-11-14,2026-04-22
2385,David Cote,TIME OUT NEW YORK,120,75,27,18,2010-03-11,2017-04-23
670,Mark Kennedy,Associated Press,113,76,21,16,2011-02-01,2025-11-09
808,Brittani Samuel,BROADWAY NEWS,108,64,25,19,2022-04-11,2025-04-28
2407,,VARIETY,107,54,30,23,1996-04-29,2014-04-22
598,Tim Teeman,THE DAILY BEAST,100,56,25,19,2017-02-23,2026-01-08
116,Juan A. Ramirez,THEATRELY,89,49,28,12,2021-08-25,2026-04-22
5387,,Associated Press,82,58,13,11,2008-11-24,2014-04-22
216,David Gordon,THEATERMANIA,79,43,24,12,2014-02-02,2026-04-16
3017,David Sheward,Backstage,77,41,20,16,2009-10-07,2012-07-12
3837,,Usa Today,76,44,18,14,2003-07-31,2014-04-22
3085,Erik Haagensen,Backstage,74,32,15,27,2009-09-15,2013-04-18
2421,Robert Kahn,Nbc New York,72,50,19,3,2013-06-24,2017-04-23
2437,Matthew Murray,Talkin' Broadway,71,24,33,14,2002-07-01,2014-11-23
2383,Jesse Green,VULTURE,67,24,23,20,2013-04-18,2017-02-23
3019,Andy Propst,THEATERMANIA,67,33,23,11,2009-04-07,2012-10-24
58,Jonathan Mandell,New York Theater,66,31,25,10,2014-01-30,2026-05-03
3092,,NEW YORK TIMES,64,34,7,23,1996-04-29,2017-11-16
5,Frank Rizzo,VARIETY,61,40,14,7,2010-06-03,2026-04-26
6,Sara Holdren,VULTURE,61,30,22,9,2017-12-12,2026-04-26
2482,Frank Scheck,HOLLYWOOD REPORTER,58,26,13,19,2009-11-22,2022-04-29
2432,Linda Winer,Newsday,57,35,10,12,2010-03-02,2017-04-27
63,Jackson McHenry,VULTURE,56,14,29,13,2022-11-03,2026-04-21
124,Joe Dziemianowicz,New York Theatre Guide,56,30,26,0,2022-04-24,2026-04-22
3028,Anita Gates,NEW YORK TIMES,56,34,18,4,2008-06-06,2017-02-07
3031,Dan Bacalzo,THEATERMANIA,54,30,13,11,2009-09-16,2012-08-09
3,Pete Hempstead,THEATERMANIA,49,37,7,5,2013-11-24,2026-04-26
76,Charles Isherwood,Wall Street Journal,49,30,15,4,2022-04-21,2026-04-23
79,Jason Zinoman,NEW YORK TIMES,49,23,11,15,2005-07-01,2026-04-19
2384,Jeremy Gerard,DEADLINE,49,26,13,10,2015-08-06,2018-01-11
4091,Ken Jaworowski,NEW YORK TIMES,49,21,19,9,2010-07-15,2015-07-13
3052,Thom Geier,Entertainment Weekly,48,33,12,3,2010-04-18,2014-11-17
286,Chris Jones,CHICAGO TRIBUNE,47,27,11,9,2011-12-14,2026-04-15
2408,,HOLLYWOOD REPORTER,46,23,13,10,2009-04-02,2014-04-22
4355,Andy Webster,NEW YORK TIMES,46,33,11,2,2008-04-28,2015-10-16
3034,Neil Genzlinger,NEW YORK TIMES,44,19,19,6,2010-05-25,2015-08-03
3501,Joe Dziemianowicz,Ny Daily News,44,19,16,9,2008-08-18,2018-03-26
3839,,New York Daily News,43,28,6,9,2005-03-17,2016-10-06
201,Hayley Levitt,THEATERMANIA,42,24,14,4,2013-11-19,2026-04-20
3016,Frank Scheck,NEW YORK POST,42,19,9,14,2007-10-25,2015-03-15
3067,Jennifer Farrar,Associated Press,41,38,3,0,2010-02-16,2015-11-12
2405,,AM NEW YORK,40,16,7,17,2008-12-07,2014-04-22
55,Frank Scheck,New York Stage Review,38,20,16,2,2021-08-22,2026-04-26
6656,David Finkle,THEATERMANIA,38,26,7,5,2008-02-26,2012-07-08
7154,,Newsday,38,18,11,9,2003-07-31,2014-04-22
3035,Elisabeth Vincentelli,Ny Post,35,13,12,10,2010-04-23,2016-06-24
3840,,THEATERMANIA,35,22,9,4,1996-04-29,2014-04-22
3083,Melissa Rose Bernardo,Entertainment Weekly,34,20,10,4,2009-10-09,2017-04-25
2466,Elysa Gardner,Usa Today,33,22,7,4,2003-10-30,2014-08-09
5920,Eric Grode,NEW YORK TIMES,33,10,15,8,2010-11-25,2014-03-25
5732,Frank Scheck,Ny Post,32,20,4,8,2009-12-02,2014-06-04
7067,,Backstage,32,20,2,10,2009-03-16,2014-04-22
62,Joey Sims,THEATRELY,30,14,16,0,2022-02-01,2026-04-25
3032,Elyse Sommer,Curtain Up,30,14,13,3,2008-10-28,2014-03-28
3018,Steven Suskin,VARIETY,29,19,5,5,2007-10-24,2012-09-10
5643,David Rooney,NEW YORK TIMES,28,14,8,6,2010-11-02,2014-07-13
173,Gillian Russo,New York Theatre Guide,26,21,4,1,2022-10-02,2026-04-12
218,Emlyn Travis,Entertainment Weekly,26,20,6,0,2023-03-16,2026-04-16
2356,Helen Shaw,VULTURE,26,9,10,7,2019-12-12,2022-04-27
3040,David Barbour,Lighting And Sound America,26,13,7,6,2010-04-20,2015-01-07
73,Melissa Rose Bernardo,New York Stage Review,25,19,4,2,2021-11-23,2026-04-25
129,David Finkle,New York Stage Review,25,14,8,3,2021-12-05,2026-04-22
203,Naveen Kumar,VARIETY,25,15,5,5,2021-10-11,2026-04-20
2984,Roma Torre,Ny1,25,16,9,0,2010-04-15,2018-11-11
3066,Rachel Saltz,NEW YORK TIMES,25,4,15,6,2008-08-18,2014-09-30
3078,Helen Shaw,TIME OUT NEW YORK,25,8,14,3,2010-07-21,2019-03-31
6199,Catherine Rampell,NEW YORK TIMES,25,9,10,6,2011-06-01,2014-02-05
3050,Michael Sommers,New Jersey Newsroom,24,10,9,5,2010-11-03,2014-06-26
3060,Brian Scott Lipton,THEATERMANIA,23,11,9,3,2007-10-25,2013-06-07
4452,Claudia La Rocco,NEW YORK TIMES,23,8,9,6,2010-12-15,2015-08-06
4351,Michael Dale,Broadway World,22,15,5,2,2011-07-15,2014-09-28
90,Michael Sommers,New York Stage Review,21,11,8,2,2024-06-05,2026-04-23
2313,,Wall Street Journal,21,7,8,6,2009-10-28,2022-10-03
3191,Terry Teachout,Wall Street Journal,21,7,7,7,2011-03-17,2018-11-15
47,Dalton Ross,Entertainment Weekly,20,13,6,1,2022-11-03,2026-04-26
165,Elisabeth Vincentelli,NEW YORK TIMES,20,9,7,4,2016-09-20,2026-04-20
189,Patrick Ryan,Usa Today,20,9,7,4,2024-07-11,2026-04-07
2446,Charles Isherwood,BROADWAY NEWS,20,14,1,5,2018-12-11,2022-02-10
4750,Jason Clark,Entertainment Weekly,20,7,9,4,2013-11-05,2015-01-08
174,Shania Russell,Entertainment Weekly,19,14,5,0,2024-03-21,2026-04-12
178,Adrian Horton,The Guardian,19,8,9,2,2024-07-11,2026-04-15
2317,,Entertainment Weekly,19,8,6,5,2009-12-06,2022-10-03
5010,Dmitry Zvonkov,Stage And Cinema,19,6,7,6,2012-05-24,2014-11-21
6664,CHRIS KOMPANEK,THEATERMANIA,19,8,8,3,2010-10-18,2012-07-17
7411,Scott Brown,NEW YORK MAGAZINE,19,9,3,7,2010-10-01,2012-01-19
7939,Bruce Weber,NEW YORK TIMES,19,4,8,7,2001-03-12,2003-12-04
60,Charles McNulty,La Times,18,9,7,2,2011-03-06,2026-05-01
154,Aramide Tinubu,VARIETY,18,14,3,1,2023-09-27,2026-04-25
159,Raven Snook,TIME OUT NEW YORK,18,10,4,4,2010-05-18,2026-04-25
601,Naveen Kumar,WASHINGTON POST,18,11,3,4,2024-09-29,2026-01-08
783,David Cote,Observer,18,10,4,4,2021-09-01,2025-09-16
1937,Peter Marks,WASHINGTON POST,18,13,4,1,2011-05-22,2023-06-26
56,Roma Torre,New York Stage Review,17,13,3,1,2024-04-26,2026-04-26
133,Kobi Kassal,THEATRELY,17,16,1,0,2021-12-05,2026-04-23
943,Sandy MacDonald,THEATERMANIA,17,9,4,4,2010-02-23,2025-04-08
3043,Daniel M. Gold,NEW YORK TIMES,17,4,7,6,2010-07-30,2015-08-07
2187,Juan Michael Porter II,DID THEY LIKE IT,16,8,2,6,2021-10-14,2022-12-08
7195,Jonathan Mandell,The Faster Times,16,7,5,4,2009-12-17,2012-04-23
87,Allison Considine,New York Theatre Guide,15,12,2,1,2023-04-12,2026-04-19
264,Daniel D’Addario,VARIETY,15,7,7,1,2022-03-28,2026-03-23
2174,Ran Xia,DID THEY LIKE IT,15,8,5,2,2021-10-17,2022-12-20
6661,Suzy Evans,Backstage,15,6,7,2,2011-08-11,2012-11-15
641,Christian Lewis,VARIETY,14,8,3,3,2022-04-29,2025-11-16
752,Elysa Gardner,New York Sun,14,10,2,2,2024-04-20,2025-08-18
1332,Howard Miller,Talkin' Broadway,14,9,4,1,2014-02-25,2024-10-20
80,Kenji Fujishima,THEATERMANIA,13,7,4,2,2022-04-14,2026-04-19
130,Bob Verini,New York Stage Review,13,6,4,3,2024-11-17,2026-04-23
2406,,CHICAGO TRIBUNE,13,6,4,3,2010-04-27,2012-12-09
3047,Simon Saltzman,Curtain Up,13,10,3,0,2010-05-24,2014-09-26
3716,David Finkle,Huffington Post,13,6,3,4,2012-04-17,2015-11-14
616,Amelia Merrill,New York Theatre Guide,12,4,6,2,2023-03-24,2025-10-28
3090,David Rooney,VARIETY,12,5,4,3,2008-06-17,2010-05-07
53,Caroline Cao,New York Theatre Guide,11,6,5,0,2024-04-25,2026-04-26
144,Austin Fimmano,New York Theatre Guide,11,9,2,0,2024-07-11,2026-04-25
1615,Maya Phillips,NEW YORK TIMES,11,4,4,3,2021-10-07,2024-04-17
1838,Naveen Kumar,BROADWAY NEWS,11,4,2,5,2022-03-28,2023-10-12
2147,Bedatri D.Choudhury,DID THEY LIKE IT,11,7,1,3,2021-10-07,2022-12-19
5866,,NEW YORK POST,11,8,2,1,2006-11-16,2014-04-22
9331,Time Out New York,TIME OUT NEW YORK,11,9,1,1,2007-10-11,2010-12-31
1,Helen Shaw,NEW YORK TIMES,10,7,2,1,2026-03-12,2026-04-26
196,Kyle Turner,New York Theatre Guide,10,5,5,0,2024-03-14,2026-04-07
322,Steven Suskin,New York Stage Review,10,6,4,0,2021-11-23,2026-03-12
2184,Leah Greenblatt,Entertainment Weekly,10,6,4,0,2017-02-09,2022-12-20
2273,Christian Lewis,DID THEY LIKE IT,10,6,3,1,2021-10-11,2022-11-10
3026,,Access Atlanta,10,10,0,0,2011-06-28,2013-12-13
3069,Diane Snyder,TIME OUT NEW YORK,10,5,4,1,2012-03-02,2014-07-01
3390,Jesse Green,Ny Times,10,5,4,1,2017-05-04,2018-08-13
4024,Laurel Graeber,NEW YORK TIMES,10,10,0,0,2010-10-19,2015-07-12
4019,Andy Propst,American Theater Web,9,5,3,1,2013-11-25,2014-09-19
4732,Joel Benjamin,Theater Pizzazz,9,6,3,0,2014-01-14,2014-11-24
5170,Elizabeth Ahlfors,Curtain Up,9,5,2,2,2010-05-21,2014-10-14
5390,Robert Feldberg,Northjersey.com,9,6,2,1,2011-05-26,2014-03-04
8593,Sam Thielman,VARIETY,9,4,2,3,2010-03-08,2010-09-27
71,Jesse Hassenger,The Guardian,8,3,5,0,2024-12-12,2026-04-21
824,Elizabeth Vincentelli,NEW YORK TIMES,8,4,3,1,2022-02-01,2025-08-15
2213,Thom Geier,THE WRAP,8,5,3,0,2019-09-24,2022-12-04
2312,Chris Jones,Ny Daily News,8,3,3,2,2019-04-24,2022-10-03
2423,Allison Adato,Entertainment Weekly,8,5,3,0,2017-03-12,2019-09-05
4027,Deirdre Donovan,Curtain Up,8,4,4,0,2011-01-07,2014-10-24
4114,Karl Levett,Backstage,8,5,2,1,2010-02-15,2012-06-21
4716,Michael Giltz,Huffington Post,8,4,2,2,2012-02-08,2014-11-11
4746,Peter Santilli,Associated Press,8,5,1,2,2011-01-05,2014-04-01
5803,Adam Markovitz,Entertainment Weekly,8,3,5,0,2011-04-05,2014-04-23
1435,Christian Holub,Entertainment Weekly,7,5,2,0,2022-04-14,2024-07-11
1621,Lester Fabian Brathwaite,Entertainment Weekly,7,6,1,0,2022-10-20,2024-04-17
2430,Dave Quinn,Nbc New York,7,6,1,0,2014-03-20,2014-11-20
3418,Jeremy Gerard,Bloomberg,7,5,2,0,2010-04-19,2013-10-06
3979,Brendan Lemon,Financial Times,7,4,1,2,2013-03-20,2014-09-21
5159,Eric J. Grimm,Theater Pizzazz,7,2,2,3,2014-03-19,2014-10-12
5520,Paulanne Simmons,Curtain Up,7,2,3,2,2010-07-20,2014-07-15
6508,Tulis McCall,New York Theatre Guide,7,4,2,1,2010-04-07,2014-01-16
7271,Martin Denton,Ny Theatre,7,5,1,1,2010-12-18,2012-03-01
8181,David Cote,Ny1,7,4,0,3,2010-02-09,2011-03-11
9222,,Ny Daily News,7,3,1,3,2007-03-22,2011-01-14
983,Lovia Gyarkye,HOLLYWOOD REPORTER,6,5,1,0,2022-02-01,2025-04-14
1242,,WASHINGTON POST,6,3,1,2,2011-03-24,2024-11-19
1967,A.D. Amorosi,VARIETY,6,5,0,1,2019-03-10,2023-06-01
2404,,La Times,6,2,3,1,2010-04-23,2014-04-22
2929,Marc Snetiker,Entertainment Weekly,6,4,2,0,2013-11-08,2018-10-22
3045,Barbara & Scott Siegel,THEATERMANIA,6,5,1,0,2010-03-08,2011-01-20
3059,Andy Propst,Backstage,6,3,3,0,2010-04-16,2012-06-11
3484,Steven Suskin,Huffington Post,6,4,2,0,2013-12-12,2017-12-12
3658,Ben Brantley,Ny Times,6,6,0,0,2016-10-19,2017-09-12
4595,Stephan Lee,Entertainment Weekly,6,2,3,1,2012-03-21,2014-04-21
4941,Molly Grogan,Village Voice,6,5,1,0,2013-12-11,2014-12-03
6190,Keith Staskiewicz,Entertainment Weekly,6,3,2,1,2012-04-25,2013-11-08
6751,Jason Fitzgerald,Backstage,6,3,1,2,2010-02-01,2012-05-31
7119,Clifford Lee Johnson III,Backstage,6,3,1,2,2010-07-12,2012-07-26
7314,Aubry D’Arminio,Entertainment Weekly,6,3,2,1,2011-03-12,2012-03-08
7882,Michael Kuchwara,Associated Press,6,6,0,0,2010-03-01,2010-04-26
64,Rachel Graham,THEATERMANIA,5,4,1,0,2024-04-18,2026-04-21
127,Richard Lawson,The Guardian,5,1,4,0,2025-12-08,2026-04-23
769,Elysa Gardner,New York Stage Review,5,2,2,1,2021-11-17,2025-09-28
1573,Christian Lewis,THEATERMANIA,5,3,1,1,2022-04-10,2024-04-23
2177,Marylin Stasio,VARIETY,5,4,1,0,2011-10-20,2022-12-20
2390,Diep Tran,BROADWAY NEWS,5,3,2,0,2022-04-03,2022-10-02
3068,Iris Greenberger,Show Business Weekly,5,5,0,0,2012-01-20,2014-05-11
3337,Breanne L. Heldman,Entertainment Weekly,5,1,4,0,2016-10-13,2018-04-23
3369,Barbara Schuler,Newsday,5,2,2,1,2017-08-10,2018-11-11
3373,Bob Verini,VARIETY,5,2,2,1,2011-03-06,2018-11-11
3800,Joe McGovern,Entertainment Weekly,5,3,2,0,2014-04-01,2017-03-16
5292,Ryan Hudak,New York Theatre Review,5,3,2,0,2014-01-17,2014-09-22
5355,Adrienne Urbanski,Theatre Is Easy,5,5,0,0,2012-04-02,2014-09-07
5557,Charles Spencer,Telegraph,5,4,0,1,2010-03-09,2014-07-10
6644,Lisa Schwarzbaum,Entertainment Weekly,5,3,1,1,2011-12-04,2012-12-02
6666,Jonathan Mandell,Backstage,5,1,3,1,2011-02-17,2012-07-14
6684,Mark Peikert,Backstage,5,1,1,3,2010-05-21,2012-06-04
6814,Andy Buck,THEATERMANIA,5,1,3,1,2010-05-05,2012-06-11
6829,Ron Cohen,Backstage,5,4,1,0,2010-07-18,2012-05-31
6850,,New Jersey Newsroom,5,3,1,1,2010-08-17,2012-05-17
7293,Alexis Soloski,Village Voice,5,4,0,1,2010-09-08,2012-02-09
7383,David Gordon,Ny Theatre,5,3,1,1,2010-10-21,2012-02-11
8526,John Simon,Bloomberg,5,2,1,2,2010-04-09,2010-11-04
54,Dave Quinn,People Magazine,4,1,2,1,2026-04-12,2026-04-26
149,Emily Nussbaum,NEW YORKER,4,4,0,0,2026-01-09,2026-04-24
255,Johnny Oleksinski,Ny Post,4,1,1,2,2022-04-25,2026-04-09
2444,Helen Shaw,NEW YORK MAGAZINE,4,2,2,0,2021-08-22,2021-10-14
2464,,NEW YORKER,4,0,2,2,2003-11-10,2014-06-22
2472,Ana Zambrana,DID THEY LIKE IT,4,2,1,1,2021-11-17,2022-06-07
2659,Ayanna Prescod,VARIETY,4,2,1,1,2021-10-10,2022-04-25
2979,David Cote,New York Observer,4,2,1,1,2019-10-17,2019-12-05
3054,Sandi Durell,Examiner,4,2,2,0,2011-01-18,2012-06-04
3088,Tanner Stransky,Entertainment Weekly,4,4,0,0,2009-11-22,2013-04-17
3304,Caitlin Brody,Entertainment Weekly,4,3,1,0,2016-04-28,2017-04-24
3414,Maya Stanton,Entertainment Weekly,4,4,0,0,2017-01-19,2017-04-27
3742,Sandy MacDonald,TIME OUT NEW YORK,4,3,0,1,2014-07-14,2017-05-15
4971,Rex Reed,New York Observer,4,4,0,0,2014-07-16,2014-10-07
5093,Susan Hasho,Theater Pizzazz,4,2,2,0,2014-02-21,2014-10-26
5115,Associated Press,Associated Press,4,3,0,1,2012-07-27,2013-04-25
5222,Tom Sellar,Village Voice,4,2,1,1,2012-02-15,2014-10-08
5250,JK Clarke,Theater Pizzazz,4,2,1,1,2014-02-05,2014-09-20
5515,Paul Taylor,The Independent,4,3,1,0,2014-07-01,2014-07-23
5516,Michael Billington,The Guardian,4,3,1,0,2010-03-10,2014-07-24
6319,STEVE PARKS,Newsday,4,2,1,1,2012-06-22,2014-02-24
6377,Ben Brantley,New York Times Original,4,2,1,1,2009-05-16,2013-05-10
6713,Lisa Jo Sagolla,Backstage,4,3,1,0,2010-11-23,2012-05-01
7331,Mitch Montgomery,Backstage,4,3,1,0,2010-07-08,2012-02-01
7406,David A. Rosenberg,Backstage,4,3,1,0,2011-01-12,2012-03-11
7465,Marrilyn Stasio,VARIETY,4,1,3,0,2011-09-11,2011-10-03
7802,Gregory Wilson,Curtain Up,4,0,1,3,2010-04-20,2012-02-02
2,Andrew Martini,THEATRELY,3,2,1,0,2025-03-20,2026-04-26
17,Thomas Floyd,WASHINGTON POST,3,3,0,0,2026-04-24,2026-05-06
66,Brent Lang,VARIETY,3,2,1,0,2026-04-06,2026-04-21
810,Meg Masseron,THEATERMANIA,3,3,0,0,2024-11-17,2025-04-27
2362,Jenna Scherer,TIME OUT NEW YORK,3,1,1,1,2013-11-21,2014-06-18
2494,Dave Quinn,Entertainment Weekly,3,2,1,0,2019-03-14,2022-04-26
2529,Alexis Soloski,The Guardian,3,1,2,0,2017-04-05,2022-06-07
2537,Andrea Towers,Entertainment Weekly,3,2,1,0,2022-04-04,2022-04-27
2568,Diep Tran,New York Theatre Guide,3,0,3,0,2022-04-25,2022-07-21
2804,Jesse Oxfeld,New York Stage Review,3,2,0,1,2021-08-22,2021-12-05
3074,Sandi Durell,Theater Pizzazz,3,3,0,0,2014-03-25,2014-10-13
3215,Jessica Derschowitz,Entertainment Weekly,3,1,2,0,2018-08-13,2019-03-10
3506,Matt Wolf,NEW YORK TIMES,3,1,2,0,2014-01-28,2018-04-19
3612,Ben Brantley,Access Atlanta,3,2,1,0,2014-04-17,2017-09-27
3623,Gordon Cox,VARIETY,3,2,1,0,2014-06-05,2017-04-13
3644,Chris Nashawaty,Entertainment Weekly,3,1,1,1,2012-04-11,2017-04-17
3762,Jesse Oxfeld,Entertainment Weekly,3,1,2,0,2016-05-25,2017-04-05
3859,Matt Windham,AM NEW YORK,3,2,1,0,2016-10-10,2016-10-27
4276,David Clarke,Broadway World,3,2,1,0,2014-10-14,2015-05-01
4622,,NEW YORK MAGAZINE,3,1,1,1,2001-10-18,2014-04-22
4743,Iris Wiener,THEATERMANIA,3,2,1,0,2010-09-28,2012-10-24
4749,Geri Silver,Theatre Is Easy,3,2,1,0,2014-04-05,2014-11-18
4893,Fern Siegel,Huffington Post,3,2,1,0,2014-10-16,2014-11-14
4928,Dave Osmundsen,Theatre Is Easy,3,1,2,0,2014-11-22,2014-12-13
4961,,Broadway Space,3,2,0,1,2008-10-05,2014-04-22
4991,Michael Block,Theater In The Now,3,3,0,0,2014-03-31,2014-11-18
5234,Jon Sobel,Blog Critics,3,3,0,0,2014-03-17,2014-09-15
5270,Molly Grogan,Exetunt,3,2,1,0,2014-01-07,2014-09-30
5293,Paulanne Simmons,Stage And Cinema,3,1,2,0,2014-03-11,2014-09-24
5324,Elizabeth Ahlfors,Theater Pizzazz,3,1,2,0,2014-06-15,2014-09-02
5554,Andrzej Lukowski,Time Out Uk,3,3,0,0,2014-01-24,2014-07-09
5569,Benjamin Coleman,Theatre Is Easy,3,2,1,0,2012-02-06,2014-07-15
5575,Hedy Weiss,Chicago Sun-times,3,2,0,1,2014-01-27,2014-07-13
5614,Jacob Horn,Curtain Up,3,1,2,0,2013-12-03,2014-06-27
5622,Daniel Gordon,THEATERMANIA,3,3,0,0,2013-11-22,2013-12-13
5698,Alix Cohen,Theater Pizzazz,3,1,2,0,2014-02-10,2014-06-23
5982,Judd Hollander,The Epoch Times,3,2,1,0,2012-10-24,2014-04-02
6003,Rochelle Denton,Ny Theater Now,3,2,1,0,2013-11-24,2014-04-06
6680,Wilborn Hampton,Huffington Post,3,2,0,1,2012-06-22,2012-10-24
6704,Michael Musto,Village Voice,3,2,0,1,2011-02-04,2012-04-29
6869,Jocelyn Noveck,Associated Press,3,3,0,0,2012-01-31,2012-04-29
6910,Associated Press,WASHINGTON POST,3,3,0,0,2012-06-03,2012-10-24
7666,Nicole Villeneuve,Backstage,3,1,1,1,2011-02-06,2012-01-22
7868,Pamela Newton,TIME OUT NEW YORK,3,1,1,1,2010-07-08,2012-03-13
8255,Jennifer Farrar,The Huffington Post,3,3,0,0,2009-11-24,2011-03-10
8572,,Talkin' Broadway,3,1,2,0,2008-12-07,2010-03-19
8584,Tom Penketh,Backstage,3,2,1,0,2010-05-26,2010-12-21
8774,Fern Siegel,The Huffington Post,3,2,1,0,2009-02-23,2010-10-15
9051,Paul Menard,TIME OUT NEW YORK,3,1,2,0,2010-07-23,2011-02-02
9493,Patrick Lee,THEATERMANIA,3,1,1,1,2009-06-04,2010-04-20
9500,Richard Patterson,Music Omh,3,1,2,0,2008-08-08,2010-03-06
59,Kristy Puchko,Mashable,2,2,0,0,2026-04-12,2026-05-02
69,Christian Lewis,New York Theatre Guide,2,2,0,0,2026-04-20,2026-04-21
84,Juan A. Ramirez,The Guardian,2,1,1,0,2026-04-19,2026-04-25
153,Dan Rubins,THEATERMANIA,2,0,1,1,2025-11-20,2026-04-25
226,Steve Suskin,New York Stage Review,2,1,1,0,2022-10-03,2026-04-16
295,Owen Gleiberman,VARIETY,2,1,1,0,2025-08-14,2026-03-30
301,Richard Lawson,HOLLYWOOD REPORTER,2,0,1,1,2025-11-16,2026-03-30
626,Helen Shaw,NEW YORKER,2,2,0,0,2025-03-20,2025-11-07
910,Kristen Baldwin,Entertainment Weekly,2,2,0,0,2018-04-08,2025-04-10
957,Maureen Lee Lenker,Entertainment Weekly,2,2,0,0,2022-05-02,2025-02-14
1090,Diane Snyder,Telegraph,2,0,2,0,2017-04-03,2025-04-04
1356,Trish Deitch,VARIETY,2,1,1,0,2024-04-24,2024-10-24
1382,Christopher Bonanos,VULTURE,2,2,0,0,2022-07-10,2024-08-12
1461,Nolan Boggess,THEATRELY,2,2,0,0,2024-07-11,2024-07-30
1866,Frank Sheck,HOLLYWOOD REPORTER,2,1,0,1,2018-04-25,2023-08-03
2256,Amanda Marie Miller,THEATRELY,2,2,0,0,2022-04-27,2022-11-27
2309,,VULTURE,2,0,2,0,2013-03-21,2022-10-03
2365,Greg Evans,VARIETY,2,2,0,0,1996-11-23,1997-11-13
2501,Juan Michael Porter II,New York Theatre Guide,2,1,1,0,2022-04-20,2022-04-26
2521,Rex Reed,Observer,2,2,0,0,2022-04-04,2022-04-26
3020,Dave Osmundsen,Stage Buddy,2,2,0,0,2014-07-24,2014-09-08
3076,Bess Rowen,Huffington Post,2,2,0,0,2012-02-14,2014-02-16
3205,Danny Groner,Huffington Post,2,2,0,0,2014-01-12,2014-01-16
3255,Jessica Shaw,Entertainment Weekly,2,2,0,0,2014-04-21,2019-04-18
3422,Nick Maslow,Entertainment Weekly,2,1,1,0,2018-03-15,2018-07-23
3488,David Canfield,Entertainment Weekly,2,1,1,0,2017-12-12,2018-01-11
3489,Jake Nevins,The Guardian,2,0,2,0,2017-08-10,2017-11-30
3833,BWW News Desk,Broadway World,2,2,0,0,2014-02-25,2017-02-01
3897,Charles Isherwood,Access Atlanta,2,1,1,0,2016-12-08,2016-12-08
4299,Charles Isherwood,New York Theatre Wire,2,1,1,0,2015-11-08,2015-11-15
4840,Jesse Green,NEW YORK MAGAZINE,2,2,0,0,2014-01-16,2014-03-30
4850,Kyle Anderson,Entertainment Weekly,2,0,1,1,2014-03-31,2014-10-26
4889,Esther Zuckerman,Entertainment Weekly,2,0,1,1,2014-11-17,2014-12-04
4945,Teddy Nicholas,Theatre Is Easy,2,1,1,0,2014-09-28,2014-12-14
5017,,Stage Buddy,2,2,0,0,2014-06-16,2014-11-21
5101,Linda Buchwald,Theatre Is Easy,2,0,2,0,2014-09-19,2014-10-30
5127,Sarah Weber,Theatre Is Easy,2,2,0,0,2014-10-09,2014-10-23
5157,Tami Shaloum,Stage Buddy,2,1,1,0,2014-10-08,2014-10-09
5174,Regina Robbins,Theatre Is Easy,2,2,0,0,2014-07-21,2014-10-13
5191,Marina Kennedy,Broadway World,2,2,0,0,2013-10-11,2014-10-08
5201,Win Goodbody,Portland Theatre Scene,2,1,1,0,2014-08-03,2014-08-22
5202,Misha Berson,Seattle Times,2,1,1,0,2014-02-11,2014-07-28
5243,Christopher Kompanek,TIME OUT NEW YORK,2,1,1,0,2014-08-05,2014-10-06
5252,Jack Mauro,Stage Buddy,2,2,0,0,2014-07-11,2014-09-16
5316,Curtis M. Wong,Huffington Post,2,1,1,0,2014-01-22,2014-09-15
5335,Michael Portantiere,Talkin' Broadway,2,1,1,0,2014-06-23,2014-09-15
5360,Lance Evans,Stage Buddy,2,2,0,0,2014-02-11,2014-09-09
5361,Victoria Teague,New York Theatre Review,2,2,0,0,2014-02-03,2014-09-07
5451,Don Aucoin,The Boston Globe,2,2,0,0,2012-04-30,2014-08-04
5506,Andrew Beck,Examiner,2,2,0,0,2012-04-27,2014-07-28
5517,David Benedict,VARIETY,2,0,1,1,2010-03-17,2014-07-23
5537,Jose Solís,Stage Buddy,2,2,0,0,2014-07-17,2014-07-22
5546,Amanda LaPergola,Theatre Is Easy,2,1,1,0,2014-01-21,2014-07-20
5555,Susannah Clapp,The Guardian,2,1,1,0,2014-07-12,2014-07-12
5570,Rebecca Kaplan,Stage Buddy,2,2,0,0,2014-03-17,2014-07-17
5579,Dominic Cavendish,Telegraph,2,1,1,0,2012-08-14,2014-07-01
5585,Kris Vire,Time Out Chicago,2,2,0,0,2010-09-23,2014-07-07
5587,Aaron Grunfeld,New York Theatre Review,2,1,1,0,2014-03-19,2014-07-15
5701,Linda Amiel Burns,Theater Pizzazz,2,1,1,0,2014-04-06,2014-06-07
5738,Paul Harris,VARIETY,2,2,0,0,2011-05-22,2014-06-20
5750,Jacob Gallagher-Ross,Village Voice,2,1,1,0,2014-06-03,2014-06-17
5860,Dillon Slagle,Theatre Is Easy,2,1,1,0,2014-03-18,2014-05-30
5927,Aurin Squire,New York Theatre Review,2,2,0,0,2012-10-24,2014-03-11
5931,Max McCormack,Show Business Weekly,2,2,0,0,2014-03-18,2014-03-18
5934,Frank Rizzo,NEW YORK TIMES,2,0,2,0,2012-02-15,2014-03-24
5948,Jamie Rosler,The Public Reviews,2,1,0,1,2014-03-24,2014-04-06
5950,Hallie Sekoff,New York Theatre Review,2,2,0,0,2014-01-23,2014-03-17
5969,Gisella Batista,New York Theatre Guide,2,2,0,0,2014-02-10,2014-03-27
5976,Eleanor J. Bader,Theatre Is Easy,2,2,0,0,2012-04-30,2014-03-24
6056,Fred Sokol,Talkin' Broadway,2,1,1,0,2011-01-31,2014-04-13
6308,Carole Di Tosti,Blog Critics,2,2,0,0,2014-02-06,2014-03-07
6429,Mark Fisher,VARIETY,2,2,0,0,2010-03-07,2013-04-21
6451,Mark Kennedy,Huffington Post,2,1,0,1,2013-03-20,2013-04-16
6533,Miriam Felton-Dansky,Village Voice,2,0,2,0,2012-01-25,2014-02-05
6636,Jennifer Farrar,Huffington Post,2,2,0,0,2012-06-07,2012-06-25
6683,Sarah Lucie,Show Business Weekly,2,0,2,0,2012-04-03,2012-09-15
6710,Aimee Todoroff,Ny Theatre,2,2,0,0,2012-03-29,2012-03-29
6758,Marc Miller,Backstage,2,0,2,0,2012-01-24,2012-05-08
6861,Bess Rowen,The Huffington Post,2,0,2,0,2012-03-09,2012-04-28
6998,Sam Thielman,Backstage,2,1,1,0,2012-03-11,2012-07-25
7149,Michael Riedel,NEW YORK POST,2,2,0,0,2010-07-23,2012-10-24
7285,Alan J. Miller,Theatre Is Easy,2,2,0,0,2012-01-18,2012-02-16
7309,Jeremy Gerard and Philip Boroff,Bloomberg,2,0,1,1,2011-05-21,2012-02-16
7364,Philip Boroff,Bloomberg,2,0,2,0,2011-09-29,2011-11-21
7407,Rachel Merrill Moss,Theatre Is Easy,2,2,0,0,2011-09-12,2012-02-01
7414,Elizabeth Vincentelli,NEW YORK POST,2,0,0,2,2011-09-20,2011-11-09
7549,Neil Genzingler,NEW YORK TIMES,2,1,1,0,2011-07-14,2011-08-29
7779,Benjamin Sutton,The L Magazine,2,1,1,0,2010-11-24,2012-01-30
7789,Rick Busciglio,Examiner,2,2,0,0,2011-01-15,2012-01-30
7792,Bob Rendell,Talkin' Broadway,2,2,0,0,2010-05-24,2012-02-07
8256,Ron S. Covar,Best Of Off-broadway,2,1,1,0,2011-02-03,2011-02-03
8283,Mark Peikert,New York Press,2,0,0,2,2010-11-15,2011-02-18
8641,Sasha Pensanti,Best Of Off-broadway,2,1,0,1,2010-05-19,2010-08-20
8654,Gwen Orel,THEATERMANIA,2,1,0,1,2010-05-16,2011-01-18
8657,,The Faster Times,2,1,1,0,2010-04-26,2010-10-04
8750,Mark Kennedy,The Huffington Post,2,2,0,0,2010-09-28,2010-10-06
9115,Wilborn Hampton,NEW YORK TIMES,2,2,0,0,2008-09-09,2010-10-04
9857,,Ny1,2,2,0,0,2014-04-22,2014-04-22
70,Mekishana Pierre,Entertainment Weekly,1,0,1,0,2026-04-21,2026-04-21
75,Dan Stahl,NEW YORKER,1,1,0,0,2026-04-24,2026-04-24
125,Sarah Hearon,Entertainment Weekly,1,0,1,0,2026-04-23,2026-04-23
204,Patrick Gomez,Entertainment Weekly,1,1,0,0,2026-04-20,2026-04-20
654,Josh Dickey,THE WRAP,1,0,0,1,2025-11-16,2025-11-16
915,Patrick Ryan and Anna Kaufman,Usa Today,1,1,0,0,2025-04-10,2025-04-10
972,Elyse Sommer,New York Sun,1,1,0,0,2025-04-21,2025-04-21
1073,A.R. Hoffman,New York Sun,1,1,0,0,2025-03-27,2025-03-27
1088,Suzanna Bowling,Times Square Chronicles,1,1,0,0,2025-04-04,2025-04-04
1132,Rhoda Feng,Financial Times,1,1,0,0,2025-03-17,2025-03-17
1191,Gloria Oladipo,BROADWAY NEWS,1,1,0,0,2024-12-16,2024-12-16
1222,Kathryn Vandervalk,Entertainment Weekly,1,1,0,0,2024-12-20,2024-12-20
1259,Benjamin Lee,The Guardian,1,1,0,0,2024-11-21,2024-11-21
1326,Frank Scheck,New York Theatre Guide,1,0,1,0,2024-10-20,2024-10-20
1373,,THE WRAP,1,0,1,0,2024-10-01,2024-10-01
1397,Frank Sheck,New York Stage Review,1,0,0,1,2024-10-23,2024-10-23
1450,Gloria Oladipo,The Guardian,1,0,1,0,2024-06-05,2024-06-05
1472,Nicolas Rapold,Financial Times,1,1,0,0,2024-07-31,2024-07-31
1627,Naveen Kumar,NEW YORK TIMES,1,1,0,0,2024-04-19,2024-04-19
1652,Regina Robbins,TIME OUT NEW YORK,1,1,0,0,2024-04-18,2024-04-18
1722,JD Knapp,THE WRAP,1,1,0,0,2024-03-07,2024-03-07
1788,Ruthie Fierberg,BROADWAY NEWS,1,1,0,0,2023-10-13,2023-10-13
2054,Lauren Morgan,Entertainment Weekly,1,1,0,0,2023-03-30,2023-03-30
2219,Dan Meyer,THEATRELY,1,0,1,0,2022-12-04,2022-12-04
2242,Brain Scott Lipton,City Beat,1,1,0,0,2022-11-17,2022-11-17
2264,Kathryn VanArendonk,VULTURE,1,1,0,0,2022-11-13,2022-11-13
2267,Peter Debruge,VARIETY,1,1,0,0,2022-11-13,2022-11-13
2268,Yolanda Machado,Entertainment Weekly,1,1,0,0,2022-11-13,2022-11-13
2331,Rob Weinert-Kendt,VULTURE,1,1,0,0,2022-10-20,2022-10-20
2364,Jess Cagle,Entertainment Weekly,1,1,0,0,1997-12-05,1997-12-05
2366,John Simon,NEW YORK MAGAZINE,1,0,1,0,1997-11-15,1997-11-15
2374,Juan A. Ramirez,VULTURE,1,1,0,0,2022-10-03,2022-10-03
2397,Naveen Kumar,VULTURE,1,1,0,0,2022-10-02,2022-10-02
2439,Richard Hummler,VARIETY,1,1,0,0,1988-01-26,1988-01-26
2440,Martin Denton,THEATERMANIA,1,1,0,0,1999-10-27,1999-10-27
2441,William A. Henry III,Time,1,1,0,0,1988-02-08,1988-02-08
2447,Jose Solís,DID THEY LIKE IT,1,1,0,0,2021-10-03,2021-10-03
2456,David Browne,Rolling Stone,1,0,1,0,2022-02-01,2022-02-01
2467,Charles Isherwood,VARIETY,1,0,0,1,2003-10-30,2003-10-30
2468,Howard Kissel,New York Daily News,1,0,0,1,2003-10-31,2003-10-31
2606,Melissa Rose Bernardo,TIME OUT NEW YORK,1,1,0,0,2022-04-20,2022-04-20
2652,Rishi Mutalik,DID THEY LIKE IT,1,1,0,0,2022-04-17,2022-04-17
2823,Tim Teeman and Brooke Leigh Howard,THE DAILY BEAST,1,1,0,0,2021-11-23,2021-11-23
2948,David Cote,The New York Observer,1,0,0,1,2019-12-16,2019-12-16
2950,Jose Solís,NEW YORK TIMES,1,1,0,0,2019-12-15,2019-12-15
2958,Toussaint Jeanlouis,DID THEY LIKE IT,1,0,1,0,2021-10-10,2021-10-10
2990,Leah Greenblat,Entertainment Weekly,1,1,0,0,2019-03-21,2019-03-21
2998,Kelly Connolly,Entertainment Weekly,1,1,0,0,2018-03-22,2018-03-22
3021,Paul Medelis,Theatre Is Easy,1,1,0,0,2014-09-14,2014-09-14
3042,Joe Regan Jr.,Theater Pizzazz,1,1,0,0,2014-03-05,2014-03-05
3048,Tzipora Kaplan,Theatre Is Easy,1,1,0,0,2010-07-16,2010-07-16
3051,Michelle Murphy,Metro Us,1,0,0,1,2012-06-02,2012-06-02
3062,Best of Off-Broadway,Best Of Off-broadway,1,1,0,0,2010-09-14,2010-09-14
3080,OIivia Jane Smith,New York Theatre Review,1,1,0,0,2014-02-12,2014-02-12
3098,Lawrence Van Gelder,NEW YORK TIMES,1,1,0,0,2001-11-30,2001-11-30
3117,Jem Aswad,VARIETY,1,1,0,0,2019-10-20,2019-10-20
3139,Holli Harms,New York Theatre Guide,1,1,0,0,2019-11-14,2019-11-14
3153,Roma Torre,Ny1 News,1,0,1,0,2019-10-15,2019-10-15
3193,Jesse Green and Ben Brantley,NEW YORK TIMES,1,0,0,1,2018-11-08,2018-11-08
3245,Joe Dziemianowicz,NEW YORK POST,1,1,0,0,2019-05-30,2019-05-30
3277,Dana Schwartz,Entertainment Weekly,1,1,0,0,2017-11-09,2017-11-09
3291,Nick Romano,Entertainment Weekly,1,1,0,0,2019-01-08,2019-01-08
3301,David Quinn,Nbc New York,1,1,0,0,2017-04-24,2017-04-24
3341,Hardeep Phull,NEW YORK POST,1,1,0,0,2017-10-12,2017-10-12
3342,Bobby Olivier,Nj.com,1,0,0,1,2017-10-12,2017-10-12
3343,Madison Vain,Entertainment Weekly,1,1,0,0,2017-10-12,2017-10-12
3346,Deb Miller,Dc Metro Theater Arts,1,1,0,0,2018-12-11,2018-12-11
3381,Kristen Morale,Broadway World,1,1,0,0,2014-02-07,2014-02-07
3382,Seth Bogner,Theatre Is Easy,1,1,0,0,2014-02-09,2014-02-09
3427,Christian Lewis,Huffington Post,1,1,0,0,2017-12-04,2017-12-04
3470,Barry Gordin,Theaterlife,1,1,0,0,2010-01-23,2010-01-23
3471,Gabrielle Sierra,Broadway World,1,0,1,0,2010-01-26,2010-01-26
3472,Barbara and Scott Siegel,THEATERMANIA,1,1,0,0,2015-12-21,2015-12-21
3536,Elisabeth Vincentelli,Access Atlanta,1,1,0,0,2017-12-11,2017-12-11
3538,Alexis Soloski,Access Atlanta,1,0,0,1,2017-12-11,2017-12-11
3562,David Canfield,Access Atlanta,1,1,0,0,2017-11-15,2017-11-15
3568,Elizabeth Vincentelli,Newsday,1,1,0,0,2017-06-22,2017-06-22
3570,Isabella Biedenahrn,Entertainment Weekly,1,0,1,0,2017-06-22,2017-06-22
3677,Matt Windman,Newsday,1,0,1,0,2017-06-29,2017-06-29
3687,Emma Brockes,The Guardian,1,0,1,0,2016-07-31,2016-07-31
3689,Jeo Dziemianowicz,New York Daily News,1,0,0,1,2017-03-26,2017-03-26
3752,Alexis Soloski,Ny Times,1,1,0,0,2017-05-02,2017-05-02
3753,Elisabeth Vincentelli,Ny Times,1,0,1,0,2017-04-30,2017-04-30
3765,Robert Greskovic,Wall Street Journal,1,0,0,1,2016-05-25,2016-05-25
3830,Adam Feldman,Newsday,1,1,0,0,2017-02-09,2017-02-09
3834,Glen Roven,Huffington Post,1,1,0,0,2017-01-31,2017-01-31
3841,,Journal News,1,1,0,0,2005-11-06,2005-11-06
3977,Charles Isherwood,Ny Times,1,1,0,0,2016-10-13,2016-10-13
3981,Matt Windman,Backstage,1,1,0,0,2013-04-11,2013-04-11
3985,Linda Winer,Access Atlanta,1,0,0,1,2016-10-10,2016-10-10
4025,Pamela Brill,TIME OUT NEW YORK,1,1,0,0,2011-07-12,2011-07-12
4026,Wendy Remington Bowie,Ny Theatre,1,1,0,0,2011-07-02,2011-07-02
4028,Bryan Clark,Show Business Weekly,1,1,0,0,2011-07-08,2011-07-08
4130,Christopher Kelly,Nj.com,1,0,0,1,2016-06-06,2016-06-06
4273,Meg Prossnitz,NEW YORK POST,1,1,0,0,2014-01-21,2014-01-21
4277,Zachary Srewart,THEATERMANIA,1,1,0,0,2015-04-25,2015-04-25
4394,Jonathan Mandell,Dc Theatre Scene,1,1,0,0,2015-09-27,2015-09-27
4460,Alwexis Soloski,NEW YORK TIMES,1,1,0,0,2015-07-28,2015-07-28
4523,Marlow Stern,THE DAILY BEAST,1,1,0,0,2015-04-09,2015-04-09
4524,Ramin Setoodeh,VARIETY,1,1,0,0,2015-04-09,2015-04-09
4526,Keisha Hatchett,Entertainment Weekly,1,1,0,0,2015-04-09,2015-04-09
4733,Dimitry Zvonkov,Stage And Cinema,1,1,0,0,2014-01-28,2014-01-28
4734,Bethany Rickwald,THEATERMANIA,1,1,0,0,2013-07-18,2013-07-18
4795,Roberth Kahn,Nbc New York,1,1,0,0,2015-01-13,2015-01-13
4837,David Cote,Nbc New York,1,0,1,0,2014-03-30,2014-03-30
4892,Eric Brown,Entertainment Weekly,1,1,0,0,2014-10-15,2014-10-15
4905,Thom Geir,Entertainment Weekly,1,1,0,0,2014-09-18,2014-09-18
4936,Za,THEATERMANIA,1,1,0,0,2014-12-15,2014-12-15
4942,Nancy Cohen-koan,Huffington Post,1,1,0,0,2014-12-01,2014-12-01
4964,Neil Genzlinger,AM NEW YORK,1,1,0,0,2014-12-08,2014-12-08
4989,Ziye Hu,The Source,1,1,0,0,2014-11-18,2014-11-18
4990,Karen Elliott,Stage Buddy,1,1,0,0,2014-11-18,2014-11-18
5009,Nicole Serratore,Flavorpill,1,0,1,0,2014-11-17,2014-11-17
5015,Susan Dormady Eisenberg,Huffington Post,1,1,0,0,2014-11-21,2014-11-21
5020,Rachel Weinberg,Broadway World,1,0,1,0,2014-11-20,2014-11-20
5028,Samuel L. Leiter,Theater Pizzazz,1,0,1,0,2014-11-19,2014-11-19
5049,Cindy Pierre,Theatre Is Easy,1,1,0,0,2014-11-16,2014-11-16
5057,Jason Zinomzan,NEW YORK TIMES,1,0,1,0,2014-11-13,2014-11-13
5102,Gina Femia,New York Theatre Review,1,1,0,0,2014-10-30,2014-10-30
5104,Paulanne Simmons,Theater Pizzazz,1,1,0,0,2014-10-20,2014-10-20
5171,Tim Croner,Theatre Is Easy,1,1,0,0,2014-10-12,2014-10-12
5177,Dmitry Zvonkov & LindaAnn Loschiavo,Stage And Cinema,1,1,0,0,2014-09-21,2014-09-21
5188,LindaAnn Loschiavo,Stage And Cinema,1,0,1,0,2014-10-10,2014-10-10
5192,Jim Beckerman,Northjersey.com,1,1,0,0,2014-10-07,2014-10-07
5193,Ronni Reich,Nj.com,1,1,0,0,2014-10-07,2014-10-07
5213,Jeniifer Farrar,Associated Press,1,1,0,0,2014-10-02,2014-10-02
5233,Jan Rosenberg,Theatre Is Easy,1,1,0,0,2014-09-14,2014-09-14
5241,Dan Dinero,Theatre Is Easy,1,0,1,0,2014-10-07,2014-10-07
5251,Charles Quittner,Broadway World,1,1,0,0,2014-09-19,2014-09-19
5271,Juliana Adame,Broadway World,1,1,0,0,2014-09-30,2014-09-30
5275,James Hebert,The San Diego Union-tribune,1,0,1,0,2014-09-29,2014-09-29
5288,Scott Foundas,VARIETY,1,0,1,0,2014-09-22,2014-09-22
5297,Bianca Garcia,Stage Buddy,1,1,0,0,2014-09-23,2014-09-23
5319,Marcina Zaccaria,Theater Pizzazz,1,1,0,0,2014-09-17,2014-09-17
5327,Alaina Feehan,Theatre Is Easy,1,1,0,0,2014-09-16,2014-09-16
5379,Lee Kinney,Theatre Is Easy,1,0,1,0,2014-09-05,2014-09-05
5384,Rachel Kerry,New York Theatre Review,1,1,0,0,2014-09-01,2014-09-01
5391,Gabriela Serrano,Stage Buddy,1,1,0,0,2014-08-25,2014-08-25
5421,Ed Siegel,The Artery,1,0,1,0,2014-08-14,2014-08-14
5422,Joel Brown,The Boston Globe,1,0,1,0,2014-08-14,2014-08-14
5423,,Harvard Magazine,1,1,0,0,2014-08-14,2014-08-14
5449,Larry Murray & Gail M. Burns,Berkshire On Stage And Screen,1,1,0,0,2014-08-03,2014-08-03
5465,Emily Gawlak,Stage Buddy,1,1,0,0,2014-08-04,2014-08-04
5481,Jennifer Clements,Dc Theatre Scene,1,1,0,0,2014-08-04,2014-08-04
5482,Robert Michael Oliver,Dc Metro Theater Arts,1,1,0,0,2014-08-01,2014-08-01
5483,Heather Nadolny,Broadway World,1,1,0,0,2014-08-03,2014-08-03
5502,Jonathan Alexandratos,The Public Reviews,1,0,1,0,2014-07-24,2014-07-24
5505,Gail M. Burns and Larry Murray,Berkshire On Stage And Screen,1,1,0,0,2014-07-27,2014-07-27
5507,Larry Murray,Broadway World,1,1,0,0,2014-07-28,2014-07-28
5518,,Telegraph,1,1,0,0,2014-07-23,2014-07-23
5521,Retta Blaney,Life Upon The Sacred Stage,1,1,0,0,2014-07-23,2014-07-23
5526,Rafi Mittlefehldt,Exetunt,1,0,1,0,2014-07-17,2014-07-17
5539,Ian Tuttle,National Review,1,1,0,0,2014-07-21,2014-07-21
5549,R. Pikser,Theater Scene,1,0,1,0,2014-07-18,2014-07-18
5564,Neil Norman,Express Uk,1,0,1,0,2014-04-11,2014-04-11
5565,David Pollock,The Independent,1,1,0,0,2014-06-11,2014-06-11
5566,Stewart Pringle,Time Out Uk,1,1,0,0,2014-04-08,2014-04-08
5567,Mark Fisher,The Guardian,1,1,0,0,2014-06-09,2014-06-09
5573,Katy Walsh,The Fourth Walsh,1,1,0,0,2014-07-13,2014-07-13
5583,Albert Williams,Chicago Reader,1,1,0,0,2014-07-09,2014-07-09
5584,Brian Hieggelke,New City Stage,1,1,0,0,2014-07-08,2014-07-08
5636,Brett Epstein,Theatre Is Easy,1,0,1,0,2014-04-28,2014-04-28
5675,Joseph Samuel Wright,Theatre Is Easy,1,1,0,0,2014-06-28,2014-06-28
5678,Johnny Alspaugh,Stage Buddy,1,1,0,0,2014-06-26,2014-06-26
5679,Angel Lam,Theatre Is Easy,1,1,0,0,2014-06-22,2014-06-22
5680,Paul Birchall,Stage And Cinema,1,1,0,0,2014-06-28,2014-06-28
5683,Aviva Woolf,Stage Buddy,1,0,0,1,2014-06-26,2014-06-26
5700,Elise Marenson,New York Theatre Guide,1,0,0,1,2014-06-08,2014-06-08
5726,Alfred Hickling,The Guardian,1,1,0,0,2014-01-16,2014-01-16
5731,Shoshana Roberts,Access Atlanta,1,1,0,0,2014-06-05,2014-06-05
5736,Jayne Blanchard,Dc Theatre Scene,1,1,0,0,2014-06-20,2014-06-20
5740,Retta Blaney,Upon The Sacred Stage,1,1,0,0,2014-06-16,2014-06-16
5801,David Rooney,Access Atlanta,1,0,1,0,2014-04-23,2014-04-23
5816,Mari Lyn Henry,Theater Pizzazz,1,1,0,0,2014-06-10,2014-06-10
5821,Jesse Green,VARIETY,1,0,1,0,2014-06-10,2014-06-10
5833,Michael Dale,Access Atlanta,1,0,1,0,2014-06-10,2014-06-10
5835,Nancy Harris,Huffington Post,1,0,1,0,2014-06-10,2014-06-10
5849,Harry Haun,New York Observer,1,1,0,0,2013-07-23,2013-07-23
5852,Fern Siegel,Access Atlanta,1,1,0,0,2013-11-05,2013-11-05
5859,Cheryl King,Ny Theater Now,1,1,0,0,2014-05-31,2014-05-31
5862,Andy Webster,Access Atlanta,1,1,0,0,2014-05-30,2014-05-30
5872,Brian Logan,The Guardian,1,1,0,0,2010-10-25,2010-10-25
5873,James Hannaham,Village Voice,1,1,0,0,2014-05-14,2014-05-14
5881,Nick Catucci,Entertainment Weekly,1,0,1,0,2014-03-06,2014-03-06
5930,Max McCormack,Out,1,1,0,0,2014-03-17,2014-03-17
5938,Chris Jensen,Sf Weekly,1,1,0,0,2014-02-24,2014-02-24
5939,Pamela Feinsilber,Examiner,1,1,0,0,2014-03-19,2014-03-19
5940,Robert Hurwitt,Sf Gate,1,1,0,0,2014-03-19,2014-03-19
5949,Christopher Byrne,Gay City News,1,1,0,0,2014-03-24,2014-03-24
5953,Lyn Gardner,The Guardian,1,1,0,0,2013-12-10,2013-12-10
5957,Jason Rost,Theatre Is Easy,1,1,0,0,2014-03-12,2014-03-12
5962,Hilton Als,NEW YORKER,1,0,0,1,2014-03-17,2014-03-17
5970,Michael Block,Ny Theater Now,1,1,0,0,2014-03-27,2014-03-27
5992,Joshua Rose,Theater Pizzazz,1,1,0,0,2014-04-08,2014-04-08
6024,Daniel Glenn,Stage And Cinema,1,0,1,0,2014-03-25,2014-03-25
6027,Matthew Paul Olmos,New York Theatre Review,1,1,0,0,2014-03-24,2014-03-24
6040,Sarah Moore,Theatre Is Easy,1,0,1,0,2014-03-30,2014-03-30
6046,Toby Zinman,The Inquirer,1,1,0,0,2014-03-30,2014-03-30
6047,Hannah Feinberg,Phillymag.com,1,1,0,0,2014-03-28,2014-03-28
6048,Howard Shaprio,Newsworks,1,1,0,0,2014-03-27,2014-03-27
6049,Steve Cohen,Broad Street Review,1,1,0,0,2014-03-28,2014-03-28
6055,Sherry Shameer Cohen,Broadway World,1,1,0,0,2014-04-08,2014-04-08
6057,Sherry Shameer Cohen,Access Atlanta,1,1,0,0,2014-04-08,2014-04-08
6058,Geary Danihy,Artes Magazine,1,0,1,0,2014-04-07,2014-04-07
6063,Brian Wu,Front Row Center,1,1,0,0,2014-04-11,2014-04-11
6137,Steven Holden,NEW YORK TIMES,1,1,0,0,2013-07-18,2013-07-18
6141,Nick Clark & Dan Macadam,The Independent,1,1,0,0,2013-11-10,2013-11-10
6162,Charles Paolino,Asbury Park Press,1,1,0,0,2013-10-11,2013-10-11
6165,Bob Brown,Central Jersey,1,1,0,0,2013-10-11,2013-10-11
6178,Melissa Maerz,Entertainment Weekly,1,1,0,0,2013-11-01,2013-11-01
6196,Hilary Busis,Entertainment Weekly,1,1,0,0,2013-11-22,2013-11-22
6211,Jesse Oxfeld,New York Observer,1,1,0,0,2013-11-19,2013-11-19
6228,Stephen Lee,Entertainment Weekly,1,0,1,0,2013-11-21,2013-11-21
6236,Jonathan Mandell,New York Theatre Guide,1,0,1,0,2013-11-23,2013-11-23
6240,Helen Shaw,Tdf: A Theatre Magazine,1,1,0,0,2014-02-02,2014-02-02
6241,Nora Davis,Times Square Chronicles,1,1,0,0,2014-02-05,2014-02-05
6251,Anthony Stoeckert,Central Jersey,1,1,0,0,2014-01-23,2014-01-23
6252,Ronni Reich,Star Ledger,1,1,0,0,2014-01-20,2014-01-20
6258,Richard Seff,Dc Theatre Scene,1,1,0,0,2014-01-27,2014-01-27
6260,,Metro Uk,1,1,0,0,2014-01-24,2014-01-24
6261,Henry Hitchings,London Evening Standard,1,1,0,0,2014-01-24,2014-01-24
6277,Alexander Gilmour,Financial Times,1,1,0,0,2014-01-21,2014-01-21
6279,Fiona Mountford,London Evening Standard,1,0,1,0,2014-01-26,2014-01-26
6282,Stephanie Simon,Ny1,1,1,0,0,2014-02-03,2014-02-03
6283,Diep Tran,Tdf: A Theatre Magazine,1,1,0,0,2014-01-11,2014-01-11
6287,Breanna Foister,New York Theatre Review,1,1,0,0,2014-02-02,2014-02-02
6303,Kelly Johnston,Eye On The Arts,1,1,0,0,2014-02-04,2014-02-04
6330,Anna Chazelle,Exetunt,1,1,0,0,2014-02-25,2014-02-25
6359,ALASTAIR MACAULAY,NEW YORK TIMES,1,0,0,1,2013-07-14,2013-07-14
6396,David Cote,The Guardian,1,0,0,1,2013-10-27,2013-10-27
6405,Susan Hall,NEW YORKER,1,1,0,0,2013-04-11,2013-04-11
6413,Tom Geier,Entertainment Weekly,1,0,0,1,2013-08-08,2013-08-08
6430,Entertainment Weekly,Entertainment Weekly,1,1,0,0,2013-04-21,2013-04-21
6487,Pia Catton,Wall Street Journal,1,1,0,0,2014-01-07,2014-01-07
6504,Bob Dreyfuss,The Nation,1,1,0,0,2014-01-23,2014-01-23
6509,Diana Barth,The Epoch Times,1,0,1,0,2014-01-16,2014-01-16
6518,Sarah Brink,Vanguard Seattle,1,1,0,0,2014-02-04,2014-02-04
6519,Scott Taylor,Seattle Stage Review,1,0,1,0,2014-02-04,2014-02-04
6521,Jay Irwin,Broadway World,1,1,0,0,2014-01-23,2014-01-23
6527,Dan Avery,Newnownext,1,1,0,0,2013-12-31,2013-12-31
6529,Lawrence Bommer,Stage And Cinema,1,0,1,0,2014-01-30,2014-01-30
6531,Zac Thompson,Chicago Reader,1,1,0,0,2014-01-29,2014-01-29
6534,Danielle Kalamaras,Bushwick Daily,1,1,0,0,2014-02-04,2014-02-04
6537,Paulanne Simmons,Theaterlife.com,1,1,0,0,2014-02-12,2014-02-12
6541,Samuel L. Leiter,Theatre's Leiter Side,1,0,0,1,2014-02-15,2014-02-15
6558,Laura Axelrod,The Clyde Fitch Report. Arts. Politics. Discuss.,1,0,1,0,2013-03-20,2013-03-20
6561,Michael Lee,Theater Pizzazz,1,1,0,0,2014-02-19,2014-02-19
6563,Gary Buiso,NEW YORK POST,1,0,1,0,2014-01-19,2014-01-19
6565,Shani R. Friedman,Theatre Is Easy,1,1,0,0,2014-02-17,2014-02-17
6609,Daniel Glenn,Show Business Weekly,1,0,0,1,2014-03-04,2014-03-04
6610,Wendy Caster,Show Showdown,1,0,0,1,2014-03-06,2014-03-06
6626,Associated Press,Huffington Post,1,1,0,0,2012-06-28,2012-06-28
6657,Gazelle Emami,Huffington Post,1,0,1,0,2012-07-11,2012-07-11
6663,Zak Risinger,Theatre Is Easy,1,1,0,0,2012-06-28,2012-06-28
6715,Julie Congress,Ny Theatre,1,1,0,0,2012-03-15,2012-03-15
6750,SCOTT STIFFLER,The Villager,1,1,0,0,2012-05-31,2012-05-31
6753,Brian Seibert,NEW YORK TIMES,1,0,1,0,2012-05-09,2012-05-09
6760,Bess Rowen,Ny Theatre,1,1,0,0,2012-04-28,2012-04-28
6813,Zachary Woolfe,NEW YORK TIMES,1,0,1,0,2012-06-10,2012-06-10
6819,Rob Stevens,THEATERMANIA,1,1,0,0,2012-05-14,2012-05-14
6820,Neda Ulaby,Stage And Cinema,1,0,1,0,2012-05-15,2012-05-15
6828,Adam Burnett,Ny Theatre,1,1,0,0,2012-06-23,2012-06-23
6830,Scott Siegal,THEATERMANIA,1,0,1,0,2012-06-01,2012-06-01
6895,Frank Scheck,Access Atlanta,1,1,0,0,2012-06-15,2012-06-15
6898,Mr. Teachout,Wall Street Journal,1,1,0,0,2012-04-16,2012-04-16
6900,Stephanie Zacharek,NEW YORK MAGAZINE,1,1,0,0,2010-04-11,2010-04-11
6916,Associated Press,Washington Examiner,1,1,0,0,2012-06-19,2012-06-19
7024,Clark Collins,Entertainment Weekly,1,0,1,0,2013-03-21,2013-03-21
7041,Dan Bacalzo & Chris Kompanek,THEATERMANIA,1,1,0,0,2012-10-24,2012-10-24
7044,Julienne Bilker,Time Out Chicago,1,1,0,0,2012-10-24,2012-10-24
7060,Frank Scheck,Usa Today,1,1,0,0,2012-10-11,2012-10-11
7070,,Theatre Is Easy,1,1,0,0,2012-10-24,2012-10-24
7094,STEPHEN HOLDEN,NEW YORK TIMES,1,0,1,0,2013-01-30,2013-01-30
7113,Jennifer Farrar,The Miami Herald,1,1,0,0,2013-02-20,2013-02-20
7134,MICHAEL BRACKEN,Metro Us,1,0,1,0,2012-08-09,2012-08-09
7150,Joe Dziemianowicz,Access Atlanta,1,0,1,0,2012-10-24,2012-10-24
7190,Pamela Butler,Ny Theatre,1,1,0,0,2012-03-20,2012-03-20
7209,Neil Best,Newsday,1,0,1,0,2012-04-11,2012-04-11
7281,Garrett Eisler,TIME OUT NEW YORK,1,1,0,0,2012-03-01,2012-03-01
7297,Tommy O’Malley,Show Business Weekly,1,1,0,0,2012-01-13,2012-01-13
7300,Ian Saville,Blog Critics,1,1,0,0,2012-01-10,2012-01-10
7320,Regina Weinreich,The Huffington Post,1,1,0,0,2012-01-24,2012-01-24
7321,Cary Gitter,Show Business Weekly,1,1,0,0,2012-01-25,2012-01-25
7333,Mitchell Conway,Ny Theatre,1,1,0,0,2012-01-07,2012-01-07
7374,SCOTT STIFFLER,Edge,1,1,0,0,2012-02-08,2012-02-08
7377,Rebecca Bernard,Show Business Weekly,1,1,0,0,2012-02-22,2012-02-22
7378,Michael Mraz,Ny Theatre,1,1,0,0,2012-02-14,2012-02-14
7405,Avi Glickstein,Ny Theatre,1,1,0,0,2012-01-28,2012-01-28
7473,Kari Olmon,Broadway Space,1,0,1,0,2011-08-11,2011-08-11
7523,Dan Wolpow,Broadway Space,1,1,0,0,2011-09-12,2011-09-12
7556,Andie Cuevas,Show Business Weekly,1,1,0,0,2011-10-18,2011-10-18
7592,Elizabeth Rex,THEATERMANIA,1,0,1,0,2011-12-08,2011-12-08
7607,Don Grigware,Broadway World,1,0,1,0,2011-11-15,2011-11-15
7608,Paul Hodgins,Orange County Register,1,0,1,0,2011-11-19,2011-11-19
7609,Baum Nicholson,Pasadena Star-news,1,0,0,1,2011-11-23,2011-11-23
7610,Danielle Deadwyler,Examiner,1,1,0,0,2011-01-17,2011-01-17
7611,Wendell Brock,Access Atlanta,1,1,0,0,2011-01-31,2011-01-31
7612,Curt Holman,Creative Loafing,1,0,1,0,2011-02-02,2011-02-02
7613,Manning Harris,Atlanta In Town,1,1,0,0,2011-02-02,2011-02-02
7614,Phil Kloer,Arts Critic Atlanta,1,1,0,0,2011-01-30,2011-01-30
7645,Mark Kennedy,San Francisco Chronicle,1,0,1,0,2011-08-09,2011-08-09
7730,Steve Suskin,VARIETY,1,1,0,0,2011-11-07,2011-11-07
7735,Peter Santilli,Huffington Post,1,1,0,0,2011-11-02,2011-11-02
7737,Steven Suskin,Backstage,1,1,0,0,2011-11-02,2011-11-02
7749,Melissa Rose Bernardo,Access Atlanta,1,1,0,0,2011-11-21,2011-11-21
7765,Jocelyn Noveck,Huffington Post,1,1,0,0,2011-12-06,2011-12-06
7772,Weston Clay,Theatre Is Easy,1,0,0,1,2012-01-25,2012-01-25
7808,Micha,New Jersey Newsroom,1,0,0,1,2012-02-08,2012-02-08
7818,Stephen Cedars,Ny Theatre,1,0,1,0,2012-02-03,2012-02-03
7822,Mary Kennedy,Associated Press,1,0,1,0,2012-02-13,2012-02-13
7970,Alvin Klein,NEW YORK TIMES,1,0,0,1,2011-06-28,2011-06-28
7980,Shelley Molad,Ny Theatre,1,0,1,0,2011-06-22,2011-06-22
8010,Benedict Nightingale,NEW YORK TIMES,1,0,1,0,2002-03-17,2002-03-17
8090,Margo Jefferson,NEW YORK TIMES,1,0,1,0,2011-06-22,2011-06-22
8103,Phillip Boroff,Bloomberg,1,0,1,0,2011-06-05,2011-06-05
8194,A.J. Mell,Backstage,1,0,1,0,2011-02-28,2011-02-28
8202,Montserrat Mendez,Ny Theatre,1,0,1,0,2011-02-13,2011-02-13
8277,Karl Levett,Curtain Up,1,0,1,0,2011-02-06,2011-02-06
8292,,The Boston Globe,1,1,0,0,2011-03-03,2011-03-03
8302,Bill Eadie,Talkin' Broadway,1,0,0,1,2011-03-10,2011-03-10
8303,Les Spindle,Backstage,1,0,0,1,2011-03-07,2011-03-07
8458,Adam Feldman and David Cote,TIME OUT NEW YORK,1,0,0,1,2011-07-07,2011-07-07
8475,Barbara Hoffman,NEW YORK POST,1,1,0,0,2008-11-14,2008-11-14
8501,Aileen Jacobson,NEW YORK TIMES,1,1,0,0,2010-07-19,2010-07-19
8515,Charles Isherwood,New York Times Re-,1,1,0,0,2010-08-02,2010-08-02
8528,Charles Isherwood,New York Times Original,1,1,0,0,2010-01-29,2010-01-29
8594,Jeff Labrecque,Entertainment Weekly,1,1,0,0,2010-03-25,2010-03-25
8604,Les Gutman,Curtain Up,1,1,0,0,2010-07-05,2010-07-05
8622,,Vanity Fair,1,0,1,0,2010-11-18,2010-11-18
8651,Michael Sommers,VARIETY,1,0,1,0,2010-05-24,2010-05-24
8662,Andy Propst,Afterelton,1,1,0,0,2010-05-21,2010-05-21
8680,Neil Zenzlinger,NEW YORK TIMES,1,1,0,0,2010-07-16,2010-07-16
8721,,New York Press,1,1,0,0,2010-08-20,2010-08-20
8740,Elise McMullen,Show Business Weekly,1,1,0,0,2010-09-17,2010-09-17
8745,Dan Callahan,The L Magazine,1,0,0,1,2010-09-22,2010-09-22
8755,Gyda Arber,Ny Theatre,1,0,1,0,2010-10-01,2010-10-01
8759,Heather J. Violanti,Ny Theatre,1,1,0,0,2010-09-21,2010-09-21
8773,"Melissa Gerstein, Raina Seitel Gittlin and Denise Albert",New York Daily News,1,1,0,0,2010-09-24,2010-09-24
8775,Cindy Pierre,Backstage,1,1,0,0,2010-10-01,2010-10-01
8778,Steven Oxman,VARIETY,1,1,0,0,2010-10-25,2010-10-25
8779,Chris Jones,Metromix,1,1,0,0,2010-09-22,2010-09-22
8780,Jonathan Abarbanel,THEATERMANIA,1,1,0,0,2010-09-22,2010-09-22
8820,Lina Zeldovich,Curtain Up,1,0,1,0,2011-01-20,2011-01-20
8828,Peter Filichia,Star Ledger,1,1,0,0,2011-01-18,2011-01-18
8847,Brain Scott Lipton,THEATERMANIA,1,1,0,0,2010-12-22,2010-12-22
8857,Mitch Montgomery,Afterelton,1,1,0,0,2010-12-07,2010-12-07
8880,Steve Hauck,Theatre Is Easy,1,1,0,0,2010-11-28,2010-11-28
8908,Sam Thielman,Afterelton,1,0,1,0,2010-08-10,2010-08-10
8916,Elisabeth Vincentelli,Afterelton,1,1,0,0,2009-09-24,2009-09-24
8922,Bill Cain,TIME OUT NEW YORK,1,0,0,1,2010-03-11,2010-03-11
8981,Time O’Leary,Afterelton,1,1,0,0,2010-05-20,2010-05-20
9002,Lawrence Switzky,Curtain Up,1,1,0,0,2010-06-03,2010-06-03
9003,Nancy Grossman,Talkin' Broadway,1,1,0,0,2010-06-09,2010-06-09
9004,Megan Pipoli,Best Of Off-broadway,1,1,0,0,2010-06-02,2010-06-02
9026,Joe Leydon,VARIETY,1,1,0,0,2010-06-28,2010-06-28
9028,George Gene Gustines,NEW YORK TIMES,1,1,0,0,2010-07-23,2010-07-23
9033,Michael Walek,Curtain Up,1,1,0,0,2010-07-08,2010-07-08
9045,Robert Windeler,Backstage,1,0,1,0,2010-07-21,2010-07-21
9077,James Harrison Monaco,Ny Theatre,1,1,0,0,2010-09-15,2010-09-15
9088,Ben Charles,Theatre Is Easy,1,1,0,0,2010-09-26,2010-09-26
9095,Joe Neumaier,New York Daily News,1,0,1,0,2010-09-29,2010-09-29
9101,Andrea M. Meek,Show Business Weekly,1,1,0,0,2010-10-07,2010-10-07
9149,,Harper's Bazaar,1,1,0,0,2010-10-30,2010-10-30
9150,,Ny Theatre,1,1,0,0,2010-10-30,2010-10-30
9192,Diane Snyder,THEATERMANIA,1,1,0,0,2010-11-17,2010-11-17
9203,Di Jayawickrema,Ny Theatre,1,1,0,0,2010-12-03,2010-12-03
9237,Joceylyn Noveck,Associated Press,1,1,0,0,2011-01-31,2011-01-31
9249,Rachel Merrill Moss,Ny Theatre,1,0,1,0,2011-01-14,2011-01-14
9281,,Broadwayspace.com,1,1,0,0,2014-04-22,2014-04-22
9313,Michael Sommers,Star Ledger,1,1,0,0,2010-03-18,2010-03-18
9327,,TIME OUT NEW YORK,1,0,1,0,2014-04-22,2014-04-22
9355,Rebecca Lewis-Whitson,Best Of Off-broadway,1,1,0,0,2008-09-07,2008-09-07
9365,Harvey Perr,Stage And Cinema,1,1,0,0,2008-03-04,2008-03-04
9373,Terri Roberts,Afterelton,1,0,1,0,2008-08-27,2008-08-27
9376,Laura Hitccock,Curtain Up,1,0,1,0,2009-09-02,2009-09-02
9466,Michael Schulman,NEW YORKER,1,1,0,0,2009-12-07,2009-12-07
9467,Molly,Theatre Is Easy,1,1,0,0,2010-03-18,2010-03-18
9468,The Insider,The Insider,1,1,0,0,2008-03-09,2008-03-09
9488,Richard Zoglin,Time,1,1,0,0,2008-11-03,2008-11-03
9523,Simon Vozick-Levinson,Entertainment Weekly,1,1,0,0,2010-04-07,2010-04-07
9531,Andy Propst,Village Voice,1,0,1,0,2010-02-09,2010-02-09
9545,Michael Glitz,The Huffington Post,1,1,0,0,2008-08-08,2008-08-08
9546,Lynn Yaeger,Village Voice,1,1,0,0,2008-07-29,2008-07-29
9596,Eric Grode,Village Voice,1,1,0,0,2009-04-15,2009-04-15
9604,Jesse Oxfeld,The New York Observer,1,1,0,0,2010-03-03,2010-03-03
9610,Shaun Newport,Music Omh,1,1,0,0,2010-02-27,2010-02-27
9616,Nancy Campbell,The Gothamist,1,1,0,0,2010-03-25,2010-03-25
9624,Mark Shenton,Entertainment Weekly,1,0,0,1,2010-03-10,2010-03-10
9633,Inner Voices: Solo Musicals,THEATERMANIA,1,1,0,0,2010-04-08,2010-04-08
9640,Tom Steller,Village Voice,1,1,0,0,2010-04-13,2010-04-13
9646,Sarah Boslaugh,Talkin' Broadway,1,1,0,0,2010-03-18,2010-03-18
9652,William Wolf,New York Calling Theater,1,1,0,0,2010-03-18,2010-03-18
9677,Jeremy McCarter,NEW YORK MAGAZINE,1,0,0,1,2008-06-19,2008-06-19
9679,Michael Feingold,Village Voice,1,0,0,1,2008-06-24,2008-06-24
9939,John Kenrick,Musicals 101,1,1,0,0,2009-03-01,2009-03-01
7,Dalton Ross,Unknown,0,0,0,0,,
12,Chris Jones,Unknown,0,0,0,0,,
13,Caroline Cao,Unknown,0,0,0,0,,
14,Dave Quinn,Unknown,0,0,0,0,,
15,Frank Scheck,Unknown,0,0,0,0,,
16,Roma Torre,Unknown,0,0,0,0,,
18,Jonathan Mandell,Unknown,0,0,0,0,,
19,Kristy Puchko,Unknown,0,0,0,0,,
20,Charles McNulty,Unknown,0,0,0,0,,
